{
    "title": "World Cup 2017",
    "data":
    {},
    "authors": [
    {
        "email": "jack.kempster@telegraph.co.uk",
        "name": "Jack Kempster",
        "given_name": "Jack",
        "family_name": "Kempster",
        "picture": "https://lh4.googleusercontent.com/-H4H7rrKptlo/AAAAAAAAAAI/AAAAAAAAEJ0/tCnB-AoKZrs/s96-c/photo.jpg",
        "last_modified_date": 1509619462076
    }],
    "id": "d9a564f7-12ed-4e2c-89fb-55c62d13840a",
    "publication_date": 1509619457892,
    "last_modified_date": 1512143756998,
    "Teams": [
    {
        "qualifiedTeam": "Russia",
        "displayName": "Russia",
        "liveArticleName": "RUS",
        "confederation": "UEFA",
        "fifaRankingoctober2017": 65,
        "pot": 1,
        "manager": "Stanislav Cherchesov",
        "p": "-",
        "w": "-",
        "d": "-",
        "l": "-",
        "points": "-",
        "gs": "-",
        "ga": "-",
        "gd": "-",
        "group": "A",
        "groupPosition": 1,
        "isocode": "RUS"
    },
    {
        "qualifiedTeam": "Germany",
        "displayName": "Germany",
        "liveArticleName": "GER",
        "confederation": "UEFA",
        "fifaRankingoctober2017": 1,
        "pot": 1,
        "manager": "Joachim Löw",
        "p": 10,
        "w": 10,
        "d": 0,
        "l": 0,
        "points": 30,
        "gs": 43,
        "ga": 4,
        "gd": 39,
        "group": "F",
        "groupPosition": 1,
        "isocode": "GER"
    },
    {
        "qualifiedTeam": "Brazil",
        "displayName": "Brazil",
        "liveArticleName": "BRA",
        "confederation": "CONMEBOL",
        "fifaRankingoctober2017": 2,
        "pot": 1,
        "manager": "Tite",
        "p": 18,
        "w": 12,
        "d": 5,
        "l": 1,
        "points": 41,
        "gs": 41,
        "ga": 11,
        "gd": 30,
        "group": "E",
        "groupPosition": 1,
        "isocode": "BRA"
    },
    {
        "qualifiedTeam": "Portugal",
        "displayName": "Portugal",
        "liveArticleName": "POR",
        "confederation": "UEFA",
        "fifaRankingoctober2017": 3,
        "pot": 1,
        "manager": "Fernando Santos",
        "p": 10,
        "w": 9,
        "d": 0,
        "l": 1,
        "points": 27,
        "gs": 32,
        "ga": 4,
        "gd": 28,
        "group": "B",
        "groupPosition": 1,
        "isocode": "POR"
    },
    {
        "qualifiedTeam": "Argentina",
        "displayName": "Argentina",
        "liveArticleName": "ARG",
        "confederation": "CONMEBOL",
        "fifaRankingoctober2017": 4,
        "pot": 1,
        "manager": "Jorge Sampaoli",
        "p": 18,
        "w": 7,
        "d": 7,
        "l": 4,
        "points": 28,
        "gs": 19,
        "ga": 16,
        "gd": 3,
        "group": "D",
        "groupPosition": 1,
        "isocode": "ARG"
    },
    {
        "qualifiedTeam": "Belgium",
        "displayName": "Belgium",
        "liveArticleName": "BEL",
        "confederation": "UEFA",
        "fifaRankingoctober2017": 5,
        "pot": 1,
        "manager": "Roberto Martínez",
        "p": 10,
        "w": 9,
        "d": 1,
        "l": 0,
        "points": 28,
        "gs": 43,
        "ga": 6,
        "gd": 37,
        "group": "G",
        "groupPosition": 1,
        "isocode": "BEL"
    },
    {
        "qualifiedTeam": "Poland",
        "displayName": "Poland",
        "liveArticleName": "POL",
        "confederation": "UEFA",
        "fifaRankingoctober2017": 6,
        "pot": 1,
        "manager": "Adam Nawałka",
        "p": 10,
        "w": 8,
        "d": 1,
        "l": 1,
        "points": 25,
        "gs": 28,
        "ga": 14,
        "gd": 14,
        "group": "H",
        "groupPosition": 1,
        "isocode": "POL"
    },
    {
        "qualifiedTeam": "France",
        "displayName": "France",
        "liveArticleName": "FRA",
        "confederation": "UEFA",
        "fifaRankingoctober2017": 7,
        "pot": 1,
        "manager": "Didier Deschamps",
        "p": 10,
        "w": 7,
        "d": 2,
        "l": 1,
        "points": 23,
        "gs": 18,
        "ga": 6,
        "gd": 12,
        "group": "C",
        "groupPosition": 1,
        "isocode": "FRA"
    },
    {
        "qualifiedTeam": "Spain",
        "displayName": "Spain",
        "liveArticleName": "ESP",
        "confederation": "UEFA",
        "fifaRankingoctober2017": 8,
        "pot": 2,
        "manager": "Julen Lopetegui",
        "p": 10,
        "w": 9,
        "d": 1,
        "l": 0,
        "points": 28,
        "gs": 36,
        "ga": 3,
        "gd": 33,
        "group": "B",
        "groupPosition": 2,
        "isocode": "ESP"
    },
    {
        "qualifiedTeam": "Peru",
        "displayName": "Peru",
        "liveArticleName": "PER",
        "confederation": "CONMEBOL",
        "fifaRankingoctober2017": 10,
        "pot": 2,
        "manager": "Ricardo Gareca",
        "p": 18,
        "w": 7,
        "d": 5,
        "l": 6,
        "points": 26,
        "gs": 27,
        "ga": 26,
        "gd": 1,
        "group": "C",
        "groupPosition": 3,
        "isocode": "PER"
    },
    {
        "qualifiedTeam": "Switzerland",
        "displayName": "Switzld",
        "liveArticleName": "SUI",
        "confederation": "UEFA",
        "fifaRankingoctober2017": 11,
        "pot": 2,
        "manager": "Vladimir Petković",
        "p": 10,
        "w": 9,
        "d": 0,
        "l": 1,
        "points": 27,
        "gs": 23,
        "ga": 7,
        "gd": 16,
        "group": "E",
        "groupPosition": 2,
        "isocode": "SUI"
    },
    {
        "qualifiedTeam": "England",
        "displayName": "England",
        "liveArticleName": "ENG",
        "confederation": "UEFA",
        "fifaRankingoctober2017": 12,
        "pot": 2,
        "manager": "Gareth Southgate",
        "p": 10,
        "w": 8,
        "d": 2,
        "l": 0,
        "points": 26,
        "gs": 18,
        "ga": 3,
        "gd": 15,
        "group": "G",
        "groupPosition": 4,
        "isocode": "ENG"
    },
    {
        "qualifiedTeam": "Colombia",
        "displayName": "Colombia",
        "liveArticleName": "COL",
        "confederation": "CONMEBOL",
        "fifaRankingoctober2017": 13,
        "pot": 2,
        "manager": "José Pékerman",
        "p": 18,
        "w": 7,
        "d": 6,
        "l": 5,
        "points": 27,
        "gs": 21,
        "ga": 19,
        "gd": 2,
        "group": "H",
        "groupPosition": 3,
        "isocode": "COL"
    },
    {
        "qualifiedTeam": "Mexico",
        "displayName": "Mexico",
        "liveArticleName": "MEX",
        "confederation": "CONCACAF",
        "fifaRankingoctober2017": 16,
        "pot": 2,
        "manager": "Juan Carlos Osorio",
        "p": 10,
        "w": 6,
        "d": 3,
        "l": 1,
        "points": 21,
        "gs": 16,
        "ga": 7,
        "gd": 9,
        "group": "F",
        "groupPosition": 2,
        "isocode": "MEX"
    },
    {
        "qualifiedTeam": "Uruguay",
        "displayName": "Uruguay",
        "liveArticleName": "URU",
        "confederation": "CONMEBOL",
        "fifaRankingoctober2017": 17,
        "pot": 2,
        "manager": "Óscar Tabárez",
        "p": 18,
        "w": 9,
        "d": 4,
        "l": 5,
        "points": 31,
        "gs": 32,
        "ga": 20,
        "gd": 12,
        "group": "A",
        "groupPosition": 4,
        "isocode": "URU"
    },
    {
        "qualifiedTeam": "Croatia",
        "displayName": "Croatia",
        "liveArticleName": "CRO",
        "confederation": "UEFA",
        "fifaRankingoctober2017": 18,
        "pot": 2,
        "manager": "Zlatko Dalić",
        "p": 10,
        "w": 6,
        "d": 2,
        "l": 2,
        "points": 20,
        "gs": 15,
        "ga": 4,
        "gd": 11,
        "group": "D",
        "groupPosition": 3,
        "isocode": "CRO"
    },
    {
        "qualifiedTeam": "Denmark",
        "displayName": "Denmark",
        "liveArticleName": "DEN",
        "confederation": "UEFA",
        "fifaRankingoctober2017": 19,
        "pot": 3,
        "manager": "Åge Hareide",
        "p": 10,
        "w": 6,
        "d": 2,
        "l": 2,
        "points": 20,
        "gs": 20,
        "ga": 8,
        "gd": 12,
        "group": "C",
        "groupPosition": 4,
        "isocode": "DEN"
    },
    {
        "qualifiedTeam": "Iceland",
        "displayName": "Iceland",
        "liveArticleName": "ISL",
        "confederation": "UEFA",
        "fifaRankingoctober2017": 21,
        "pot": 3,
        "manager": "Heimir Hallgrímsson",
        "p": 10,
        "w": 7,
        "d": 1,
        "l": 2,
        "points": 22,
        "gs": 16,
        "ga": 7,
        "gd": 9,
        "group": "D",
        "groupPosition": 2,
        "isocode": "ISL"
    },
    {
        "qualifiedTeam": "Costa Rica",
        "displayName": "C.Rica",
        "liveArticleName": "CRC",
        "confederation": "CONCACAF",
        "fifaRankingoctober2017": 22,
        "pot": 3,
        "manager": "Óscar Ramírez",
        "p": 10,
        "w": 4,
        "d": 4,
        "l": 2,
        "points": 16,
        "gs": 14,
        "ga": 8,
        "gd": 6,
        "group": "E",
        "groupPosition": 3,
        "isocode": "CRC"
    },
    {
        "qualifiedTeam": "Sweden",
        "displayName": "Sweden",
        "liveArticleName": "SWE",
        "confederation": "UEFA",
        "fifaRankingoctober2017": 25,
        "pot": 3,
        "manager": "Janne Andersson",
        "p": 10,
        "w": 6,
        "d": 1,
        "l": 3,
        "points": 19,
        "gs": 26,
        "ga": 9,
        "gd": 17,
        "group": "F",
        "groupPosition": 3,
        "isocode": "SWE"
    },
    {
        "qualifiedTeam": "Tunisia",
        "displayName": "Tunisia",
        "liveArticleName": "TUN",
        "confederation": "CAF",
        "fifaRankingoctober2017": 28,
        "pot": 3,
        "manager": "Nabil Maâloul",
        "p": 6,
        "w": 4,
        "d": 2,
        "l": 0,
        "points": 14,
        "gs": 11,
        "ga": 4,
        "gd": 7,
        "group": "G",
        "groupPosition": 3,
        "isocode": "TUN"
    },
    {
        "qualifiedTeam": "Egypt",
        "displayName": "Egypt",
        "liveArticleName": "EGY",
        "confederation": "CAF",
        "fifaRankingoctober2017": 30,
        "pot": 3,
        "manager": "Héctor Cúper",
        "p": 6,
        "w": 4,
        "d": 1,
        "l": 1,
        "points": 13,
        "gs": 8,
        "ga": 4,
        "gd": 4,
        "group": "A",
        "groupPosition": 3,
        "isocode": "EGY"
    },
    {
        "qualifiedTeam": "Senegal",
        "displayName": "Senegal",
        "liveArticleName": "SEN",
        "confederation": "CAF",
        "fifaRankingoctober2017": 32,
        "pot": 3,
        "manager": "Aliou Cissé",
        "p": 6,
        "w": 4,
        "d": 2,
        "l": 0,
        "points": 14,
        "gs": 10,
        "ga": 3,
        "gd": 7,
        "group": "H",
        "groupPosition": 2,
        "isocode": "SEN"
    },
    {
        "qualifiedTeam": "Iran",
        "displayName": "Iran",
        "liveArticleName": "IRN",
        "confederation": "AFC",
        "fifaRankingoctober2017": 34,
        "pot": 3,
        "manager": "Carlos Queiroz",
        "p": 10,
        "w": 6,
        "d": 4,
        "l": 0,
        "points": 22,
        "gs": 10,
        "ga": 2,
        "gd": 8,
        "group": "B",
        "groupPosition": 4,
        "isocode": "IRN"
    },
    {
        "qualifiedTeam": "Serbia",
        "displayName": "Serbia",
        "liveArticleName": "SRB",
        "confederation": "UEFA",
        "fifaRankingoctober2017": 38,
        "pot": 4,
        "manager": "Mladen Krstajić",
        "p": 10,
        "w": 6,
        "d": 3,
        "l": 1,
        "points": 21,
        "gs": 20,
        "ga": 10,
        "gd": 10,
        "group": "E",
        "groupPosition": 4,
        "isocode": "SRB"
    },
    {
        "qualifiedTeam": "Nigeria",
        "displayName": "Nigeria",
        "liveArticleName": "NGA",
        "confederation": "CAF",
        "fifaRankingoctober2017": 41,
        "pot": 4,
        "manager": "Gernot Rohr",
        "p": 6,
        "w": 4,
        "d": 2,
        "l": 0,
        "points": 14,
        "gs": 12,
        "ga": 4,
        "gd": 8,
        "group": "D",
        "groupPosition": 4,
        "isocode": "NGA"
    },
    {
        "qualifiedTeam": "Australia",
        "displayName": "Australia",
        "liveArticleName": "AUS",
        "confederation": "AFC",
        "fifaRankingoctober2017": 43,
        "pot": 4,
        "manager": "Ange Postecoglou",
        "p": 10,
        "w": 5,
        "d": 4,
        "l": 1,
        "points": 19,
        "gs": 16,
        "ga": 11,
        "gd": 5,
        "group": "C",
        "groupPosition": 2,
        "isocode": "AUS"
    },
    {
        "qualifiedTeam": "Japan",
        "displayName": "Japan",
        "liveArticleName": "JPN",
        "confederation": "AFC",
        "fifaRankingoctober2017": 44,
        "pot": 4,
        "manager": "Vahid Halilhodžić",
        "p": 10,
        "w": 6,
        "d": 2,
        "l": 2,
        "points": 20,
        "gs": 17,
        "ga": 7,
        "gd": 10,
        "group": "H",
        "groupPosition": 4,
        "isocode": "JPN"
    },
    {
        "qualifiedTeam": "Morocco",
        "displayName": "Morocco",
        "liveArticleName": "MAR",
        "confederation": "CAF",
        "fifaRankingoctober2017": 48,
        "pot": 4,
        "manager": "Hervé Renard",
        "p": 6,
        "w": 3,
        "d": 3,
        "l": 0,
        "points": 12,
        "gs": 11,
        "ga": 0,
        "gd": 11,
        "group": "B",
        "groupPosition": 3,
        "isocode": "MAR"
    },
    {
        "qualifiedTeam": "Panama",
        "displayName": "Panama",
        "liveArticleName": "PAN",
        "confederation": "CONCACAF",
        "fifaRankingoctober2017": 49,
        "pot": 4,
        "manager": "Hernán Darío Gómez",
        "p": 10,
        "w": 3,
        "d": 4,
        "l": 3,
        "points": 13,
        "gs": 9,
        "ga": 10,
        "gd": -1,
        "group": "G",
        "groupPosition": 2,
        "isocode": "PAN"
    },
    {
        "qualifiedTeam": "South Korea",
        "displayName": "S.Korea",
        "liveArticleName": "KOR",
        "confederation": "AFC",
        "fifaRankingoctober2017": 62,
        "pot": 4,
        "manager": "Shin Tae-yong",
        "p": 10,
        "w": 4,
        "d": 3,
        "l": 3,
        "points": 15,
        "gs": 11,
        "ga": 10,
        "gd": 1,
        "group": "F",
        "groupPosition": 4,
        "isocode": "KOR"
    },
    {
        "qualifiedTeam": "Saudi Arabia",
        "displayName": "S.Arabia",
        "liveArticleName": "KSA",
        "confederation": "AFC",
        "fifaRankingoctober2017": 63,
        "pot": 4,
        "manager": "Edgardo Bauza",
        "p": 10,
        "w": 6,
        "d": 1,
        "l": 3,
        "points": 19,
        "gs": 17,
        "ga": 10,
        "gd": 7,
        "group": "A",
        "groupPosition": 2,
        "isocode": "KSA"
    }]
}